ID,year,label,title,journal,author,doi,research_type,continent,country,data_type,data_source,response_level,response_variable,response_var,response_kingdom,response_phylum,response_phyluma,response_class,response_order,response_family,response_flex,landscape_group,landscape_type,landscape_var,change_category,change_magnitude,change_regime,change_pace,study_spatial_scale,study_spatial_area_km2 ,study_temporal_scale_year,method,delay_type,delay_quantified,what_quantified,delay_direction,delay_magnitude,relaxation_time_years,mark_0_to_3,summary
L_133,2018,Lalech..re_2018_JoofVeSc,Projected regional forest plant community dynamics evidence centuries-long effects of habitat turnover,Journal of Vegetation Science,"Lalechère, Etienne and Jabot, Franck and Archaux, FrÃ©dÃ©ric and Deffuant, Guillaume",10/gdxcxn,empirical,Europe,France,database,IGN BD TOPO _ Conservatoire Botanique National du Bassin Parisien _ Inventaire Forestier National,single species,,probability of occupancy,Plantae,NA,NA,NA,NA,NA,considered,terrestrial,Temperate and boreal forests and woodlands,patches,habitat change, forest +51%; forest -20%,one change,immediate,regional,"7,144",160,metapopulation,extinction debt; immigration credit,yes,proportion of patches,bi_directional,"species debt 2% to 8% of patches, credit 69% to 75% of patches",250-1000,5,
L_134,2018,Lafuite_2018_EcolEcon,Sustainable Land-use Management Under Biodiversity Lag Effects,Ecological Economics,"Lafuite, A.-S. and Denise, G. and Loreau, M.",10/gd9w4j,methodological,NA,NA,simulation,NA,multi species,,biodiversity ,NA,NA,NA,NA,NA,NA,NA,NA,NA,NA,NA,NA,NA,NA,NA,NA,NA,economic ,extinction debt,no,NA,mono_directional,NA,NA,3,
L_135,2018,Shumi_2018_DivandDis,Land use legacy effects on woody vegetation in agricultural landscapes of south-western Ethiopia,Diversity and Distributions,"Shumi, Girma and Schultner, Jannik and Dorresteijn, Ine and Rodrigues, PatrÃ­cia and Hanspach, Jan and Hylander, Kristoffer and Senbeta, Feyera and Fischer, Joern",10/gdxb2k,empirical,Africa,Ethiopia,field,field survey; https://doi.org/10.5061/dryad.1kd43s5.,multi species,,community index; species richness; population structure,Plantae,NA,NA,NA,NA,NA,not considered,terrestrial,Cultivated areas; Tropical and subtropical dry and humid forests,altitude; wetness; past/present distance; land use; forest cover,habitat change,NA,NA,NA,local,0.72,42,glm w/ past/present terms,extinction debt; immigration credit,no,NA,bi_directional,NA,NA,1,
L_136,2018,Guardiola_2018_Oiko,Do asynchronies in extinction debt affect the structure of trophic networks? A case study of antagonistic butterfly larvae-plant networks,Oikos,"Guardiola, MoisÃ¨s and Stefanescu, ConstantÃ­ and RodÃ , Ferran and Pino, Joan",10/gdsbx5,empirical,Europe,Spain,database; field,corine; field survey,multi species,,species richness; network metrics,Animalia,Insects,Arthropoda,Insecta,Lepidoptera,NA,not considered,terrestrial,Temperate grasslands,current/past patch area/connectivity; patch area lost,habitat change,NA,NA,NA,regional,6.76,47,glm w/ past/present terms,extinction debt,no,NA,mono_directional,NA,NA,2,
L_137,2018,Koyanagi_2018_PlanEcol,Nestedness-resultant community disassembly process of extinction debt in a highly fragmented semi-natural grassland,Plant Ecology,"Koyanagi, Tomoyo F. and Furukawa, Takuya and Osawa, Takeshi",10/gd4nkh,empirical,Asia,Japan,database; field,Geographical Survey Institute of Japan (http://nlftp.mlit.go.jp/ksj/); field sampling,multi species,,species richness; beta diversity; nestedness; turnover,Plantae,NA,NA,NA,NA,NA,not considered,terrestrial,Temperate grasslands,NA,fragmentation,NA,NA,NA,local,500 m and 1.5-km squares,NA,glm w/ past/present terms,extinction debt,no,NA,mono_directional,NA,NA,3,
L_138,2018,Janssen_2018_JoofEc,Present conditions may mediate the legacy effect of past land-use changes on species richness and composition of above- and below-ground assemblages,Journal of Ecology,"Janssen, Philippe and Bec, StÃ©phane and Fuhr, Marc and Taberlet, Pierre and Brun, Jean-Jacques and Bouget, Christophe",10/gcq7vz,empirical,Europe,France,field,NA,multi species,,species richness; community index,Plantae,NA,NA,NA,NA,NA,not considered,terrestrial,Temperate and boreal forests and woodlands,pH; canopy; tree structure; etc.,habitat change,NA,NA,NA,local,France montane forests,NA,glm w/ past/present terms,extinction debt; colonization credit,no,NA,bi_directional,NA,NA,2,
L_139,2018,Cusser_2018_LandEcol,Land-use history drives contemporary pollinator community similarity,Landscape Ecology,"Cusser, Sarah and Neff, John L. and Jha, Shalene",10/gdzw23,empirical,North America,USA,database; field,NCDL land cover and field sampling,multi species,,community index,Animalia,Insects,Arthropoda,Insecta,NA,NA,not considered,terrestrial,Cultivated areas,series,habitat change,NA,NA,NA,local,Texas cotton fields,15 years,glm w/ past/present terms,none,no,NA,NA,NA,NA,2,
L_140,2018,Johansson_2018_BiolCons,Time-lagged lichen extinction in retained buffer strips 16.5 years after clear-cutting,Biological Conservation,"Johansson, Victor and WikstrÃ¶m, Carl-Johan and Hylander, Kristoffer",10/gd4std,empirical,Europe,Sweden,field,NA,multi species,,species richness; species frequency,Fungi,Lichens and Bryophytes,Lichens,NA,NA,NA,not considered,terrestrial,Temperate and boreal forests and woodlands; Inland surface waters and water bodies/freshwater,NA,habitat change,NA,NA,NA,local,river lichens,15 years,glm w/ past/present terms,extinction debt,no,NA,mono_directional,NA,NA,2,
L_141,2018,Mikl..n_2018_DivandDis,Past levels of canopy closure affect the occurrence of veteran trees and flagship saproxylic beetles,Diversity and Distributions,"MiklÃ­n, Jan and Sebek, Pavel and Hauck, David and Konvicka, Ondrej and Cizek, Lukas",10/gcvgj7,empirical,Europe,Czech Republic,database; field,NA,single species,,population size,Plantae; Animalia,NA,NA,NA,NA,NA,not considered,terrestrial,Temperate and boreal forests and woodlands,NA,habitat change,NA,NA,NA,local,tree and beetles difference in time,NA,glm ,extinction debt,no,NA,mono_directional,NA,NA,2,
L_142,2018,Alexander_2018_GlobChanBiol,Lags in the response of mountain plant communities to climate change,Global Change Biology,"Alexander, Jake M. and Chalmandrier, LoÃ¯c and Lenoir, Jonathan and Burgess, Treena I. and Essl, Franz and Haider, Sylvia and Kueffer, Christoph and McDougall, Keith and Milbau, Ann and NuÃ±ez, Martin A. and Pauchard, AnÃ­bal and Rabitsch, Wolfgang and Rew, Lisa J. and Sanders, Nathan J. and Pellissier, LoÃ¯c",10/gcmq8c,methodological,NA,NA,simulation,NA,NA,,metapopulation,Plantae,NA,NA,NA,NA,NA,not considered,terrestrial,Tundra and High Mountain habitats,NA,climatic change,NA,NA,NA,NA,NA,NA,metapopulation,dispersal lag; establishment lag; extinction debt,no,NA,bi_directional,NA,NA,3,review and simulation of climatic lags in metapopulation and alpine spcies range
L_143,2018,Lampinen_2018_BioandCon,Importance of local habitat conditions and past and present habitat connectivity for the species richness of grassland plants and butterflies in power line clearings,Biodiversity and Conservation,"Lampinen, Jussi and Heikkinen, Risto K. and Manninen, Paula and RyttÃ¤ri, Terhi and Kuussaari, Mikko",10/gctg97,empirical,Europe,Finland,database; field,NA,multi species,,species richness,Plantae; Animalia,Insects,Arthropoda,Insecta,Lepidoptera,NA,considered,terrestrial,Temperate grasslands,NA,habitat change,NA,NA,NA,local,NA,NA,glm w/ past/present terms,extinction debt,no,NA,mono_directional,NA,NA,2,
L_144,2019,Santos_2019_JoofApEc,Interactive persistent effects of past land‐cover and its trajectory on tropical freshwater biodiversity,Journal of Applied Ecology,"Santos, Edineusa P and Wagner, Helene H and Ferraz, SÃ­lvio F B and Siqueira, Tadeu",NA,empirical,South America,Brazil,database; field,NA,multi species,,abundance; rarefied species richness; Tsallis entropy species richness,Animalia,Insects,Arthropoda,Insecta,NA,NA,not considered,aquatic,Inland surface waters and water bodies/freshwater,"forest cover, change trajectory",habitat change,NA,NA,NA,local,"170,000 ha","1962, 1972, 1978, 2003 and 2011",glm w/ past/present terms,extinction debt,no,NA,mono_directional,NA,NA,3,
L_145,2019,Thompson_2019_EcolLett,Characterising extinction debt following habitat fragmentation using neutral theory,Ecology Letters,"Thompson, Samuel E. D. and Chisholm, Ryan A. and Rosindell, James",10/gf9z57,methodological; empirical,South America,Brazil,simulation; database,NA,multi species,,species richness,Plantae,NA,NA,NA,NA,NA,not considered,terrestrial,Tropical and subtropical dry and humid forests,NA,habitat change; fragmentation,NA,NA,NA,regional,NA,NA,IBM,extinction debt,yes,species richness,mono_directional,NA,NA,5,complex formulas and simulations
L_146,2019,Rumpf_2019_NatuComm,Extinction debts and colonization credits of non-forest plants in the European Alps,Nature Communications,"Rumpf, Sabine B. and HÃ¼lber, Karl and Wessely, Johannes and Willner, Wolfgang and Moser, Dietmar and Gattringer, Andreas and Klonner, GÃ¼nther and Zimmermann, Niklaus E. and Dullinger, Stefan",10/gjh9dd,empirical,Europe,Austria; Switzerland; Italy; Slovenia; Germany,database; field,NA,single species,,presence,Plantae,NA,NA,NA,NA,NA,not considered,terrestrial,Tundra and High Mountain habitats,NA,climatic change,NA,NA,NA,regional,NA,1970 to 2015,SDM,extinction debt; colonization credit,yes,predicted presence/absence by sdm,bi_directional,NA,NA,5,
L_147,2019,Lalech..re_2019_PopuEcol,"Relative importance of landscape and species characteristics on extinction debt, immigration credit and relaxation time after habitat turnover",Population Ecology,"LalechÃ¨re, Etienne and Archaux, FrÃ©dÃ©ric and Jabot, Franck",10/gm4hth,methodological; empirical,NA,NA,simulation,NA,single species,,population size,NA,NA,NA,NA,NA,NA,not considered,NA,NA,patches,NA,NA,NA,NA,NA,NA,NA,metapopulation,extinction debt; colonization credit,yes,population change,bi_directional,NA,NA,5,simulation based metapopulation tests based on different scenarios of habitat change
L_148,2019,Meyer_2019_TheoEcol,Extinction debt repayment via timely habitat restoration,Theoretical Ecology,"Meyer, Katherine",10/gm4htf,methodological,NA,NA,simulation,NA,single species,,patch occupancy,NA,NA,NA,NA,NA,NA,NA,NA,NA,NA,habitat change,NA,NA,NA,NA,NA,NA,metapopulation,extinction debt,no,population change,mono_directional,NA,NA,3,metapopulation model with allee effect and time for restoration extracted from delay relaxation time
L_149,2019,Figueiredo_2019_Ecog,"Understanding extinction debts: spatio-temporal scales, mechanisms and a roadmap for future research",Ecography,"Figueiredo, Ludmilla and Krauss, Jochen and Steffanâ€Dewenter, Ingolf and Sarmento Cabral, Juliano",10/gg4x94,review,NA,NA,NA,NA,NA,,NA,NA,NA,NA,NA,NA,NA,NA,NA,NA,NA,NA,NA,NA,NA,NA,NA,NA,NA,NA,NA,NA,NA,NA,NA,5,review
L_150,2019,Noh_2019_LanandEcoEng,Extinction debt in a biodiversity hotspot: the case of the Chilean Winter Rainfall-Valdivian Forests,Landscape and Ecological Engineering,"Noh, Jin-kyoung and EcheverrÃ­a, Cristian and Pauchard, AnÃ­bal and Cuenca, Pablo",10/gm4hs2,empirical,South America,Chile,database; field,NA,multi species,,species richness,Plantae,Vascular plants,vascular,NA,NA,NA,considered,terrestrial,"Temperate and boreal forests and woodlands; Mediterranean forests, woodlands and scrub",land cover; fragmentation metrics; connectivity,habitat change; fragmentation,NA,NA,NA,local,NA,1979 and 2011,glm w/ past/present terms,extinction debt,no,NA,mono_directional,NA,NA,2,past present in chilean forest; do something with optimal patch size etc.
L_152,2019,Miller_2019_JoofApEc,Compounding human stressors cause major regeneration debt in over half of eastern US forests,Journal of Applied Ecology,"Miller, Kathryn M. and McGill, Brian J.",10/gm4hsq,empirical,North America,USA,database,NA,multi species,,density,Plantae,Vascular plants,vascular,NA,NA,NA,not considered,terrestrial,Temperate and boreal forests and woodlands,land cover; temperature,habitat change,NA,NA,NA,regional,NA,NA,NA,regeneration debt,no,potential based on current densities,mono_directional,NA,NA,3,regeneration by looking at difference in sappling and seedligns densities
L_153,2019,Polaina_2019_Ecog,The legacy of past human land use in current patterns of mammal distribution,Ecography,"Polaina, Ester and GonzÃ¡lezâ€SuÃ¡rez, Manuela and Revilla, Eloy",10/gjcst4,empirical,Global,NA,database,http://ecotope.org/products/datasets/used_planet; HYDE,multi species,,species richness,all,NA,NA,NA,NA,NA,not considered,terrestrial,NA,NA,habitat change,NA,NA,NA,global,NA,NA,glm,extinction debt,no,NA,mono_directional,NA,NA,4,
L_154,2019,Duan_2019_LanandUrbPla,Effect of present and past landscape structures on the species richness and composition of ground beetles (Coleoptera: Carabidae) and spiders (Araneae) in a dynamic landscape,Landscape and Urban Planning,"Duan, Meichun and Liu, Yunhui and Li, Xiang and Wu, Panlong and Hu, Wenhao and Zhang, Feng and Shi, Hongliang and Yu, Zhenrong and Baudry, Jacques",10/gm4hsh,empirical,Asia,China,database,NA,multi species,,species richness; traits,Animalia,Insects,Arthropoda,Insecta,NA,NA,considered,terrestrial,Urban/Semi-urban,NA,habitat change,NA,NA,NA,local,NA,"1955, 1977, 1984, 1993 and 2013",glm w/ past/present terms,extinction debt,no,NA,mono_directional,NA,NA,2,
L_155,2019,Belinch..n_2019_PLOONE,"Abiotic, present-day and historical effects on species, functional and phylogenetic diversity in dry grasslands of different age",PLOS ONE,"BelinchÃ³n, RocÃ­o and HemrovÃ¡, Lucie and MÃ¼nzbergovÃ¡, Zuzana",10/gm4hsg,empirical,Europe,Czech Republic,database; field,NA,multi species,,species richness; functional diversity; phylogenetic diversity,Plantae,NA,NA,NA,NA,NA,considered,terrestrial,Temperate grasslands,NA,habitat change,NA,NA,NA,local,NA,30,glm w/ past/present terms,colonization credit,no,NA,mono_directional,NA,NA,3,
L_156,2019,Aavik_2019_BioandCon,Delayed and immediate effects of habitat loss on the genetic diversity of the grassland plant Trifolium montanum,Biodiversity and Conservation,"Aavik, T. and Thetloff, M. and TrÃ¤ger, S. and HernÃ¡ndez-Agramonte, I. M. and Reinula, I. and PÃ¤rtel, M.",10/gm4hsf,empirical,Europe,Estonia,database; field,NA,single species,,allelic richness; gene diversity; inbreeding coefficient; Observed heterozygosity,Plantae,Grasses,grasses,NA,NA,NA,considered,terrestrial,Temperate grasslands,NA,habitat change,NA,NA,NA,local,NA,1930 to 2017,glm w/ past/present terms,extinction debt,no,NA,mono_directional,NA,NA,2,rare trace of genetic diversity
L_157,2019,Ross_2019_AmJoofBo,Placing human landscape legacies in a dynamic systems framework,American Journal of Botany,"Ross, Nanci J. and Stevens, M. Henry H.",10/gm4hsd,theoretical,NA,NA,NA,NA,NA,,NA,NA,NA,NA,NA,NA,NA,NA,NA,NA,NA,NA,NA,NA,NA,NA,NA,NA,NA,NA,NA,NA,NA,NA,NA,2,"opinion piece, most of it was honestly already known I think"
L_158,2019,Sierra_2019_BiolCons,Are extinction debts reflected in temporal changes of life history trait profiles? A fifteen-year reappraisal of bryophyte metacommunities in a fragmented landscape,Biological Conservation,"Sierra, Adriel M. and Toledo, JosÃ© J. and Nascimento, Henrique E. and Pereira, Marta R. and Zartman, Charles E.",10/gm4hsc,empirical,South America,Brazil,database; field,NA,multi species,,species richness; abundance; beta diversity,Plantae,Lichens and Bryophytes,bryophytes,NA,NA,NA,not considered,terrestrial,Tropical and subtropical dry and humid forests,NA,fragmentation,NA,NA,NA,local,NA,NA,glm,none,no,NA,NA,NA,NA,1,
L_159,2019,Butterfield_2019_Ecol,Life history traits predict colonization and extinction lags of desert plant species since the Last Glacial Maximum,Ecology,"Butterfield, Bradley J. and Holmgren, Camille A. and Anderson, R. Scott and Betancourt, Julio L.",10/gm4hsb,empirical,North America,USA; Mexico,database; field,gbif,multi species,,lags ,Plantae,NA,NA,NA,NA,NA,not considered,terrestrial,Deserts and xeric shrublands,NA,climatic change,NA,NA,NA,regional,NA,NA,glm,extinction debt; colonization credit,no,difference between time of occurrence in paleo-records traces,bi_directional,NA,NA,2,"complex paleo stuff, measure the actual colonization time and relate to plant dispersal, seed etc. traits"
L_160,2019,Butterfield_2019_GloEcoandBio,Extinction debt and delayed colonization have had comparable but unique effects on plant community-climate lags since the Last Glacial Maximum,Global Ecology and Biogeography,"Butterfield, Bradley J. and Anderson, R. Scott and Holmgren, Camille A. and Betancourt, Julio L.",10/gm4hrz,empirical,North America,USA; Mexico,database; field,gbif,multi species,,cold tolerances,Plantae,NA,NA,NA,NA,NA,not considered,terrestrial,Deserts and xeric shrublands,NA,climatic change,NA,NA,NA,regional,NA,NA,NA,extinction debt; colonization credit,no,difference between time of occurrence in paleo-records traces,bi_directional,NA,NA,2,"complex paleo stuff, measure the actual colonization time and relate to plant dispersal, seed etc. traits"
L_162,2020,Jamin_2020_EcoandEvo,Evidence for a possible extinction debt in Swiss wetland specialist plants,Ecology and Evolution,"Jamin, Anine and Peintinger, Markus and Gimmi, Urs and Holderegger, Rolf and Bergamini, Ariel",10/gm4htr,empirical,Europe,Switzerland,database; field,NA,multi species,,species richness,Plantae,NA,NA,NA,NA,NA,considered,terrestrial,Wetlands,NA,habitat change,NA,NA,NA,local,NA,NA,glm w/ past/present terms,extinction debt,no,NA,mono_directional,NA,NA,2,
L_163,2020,Trindade_2020_GlobChanBiol,Temporal lags in observed and dark diversity in the Anthropocene,Global Change Biology,"Trindade, Diego P. F. and Carmona, Carlos P. and PÃ¤rtel, Meelis",10/gjh4h8,theoretical,NA,NA,NA,NA,NA,,NA,NA,NA,NA,NA,NA,NA,NA,NA,NA,NA,NA,NA,NA,NA,NA,NA,NA,NA,NA,NA,NA,NA,NA,NA,5,"opinion piece, consider species pool when modleling not only observed diversity"
L_164,2020,Wu_2020_RoyaSociOpenScie,"Extinction debt in local habitats: quantifying the roles of random drift, immigration and emigration",Royal Society Open Science,"Wu, Yongbin and Chen, Youhua and Chang, Shui-Ching and Chen, You-Fang and Shen, Tsung-Jen",10/gh3shc,methodological,NA,NA,NA,NA,multi species,,species richness,NA,NA,NA,NA,NA,NA,not considered,NA,NA,NA,habitat change,NA,NA,NA,NA,NA,NA,time-dependent stochastic neutral model,extinction debt; colonization credit,no,NA,NA,NA,NA,4,methodological time trend with paramters
L_165,2020,Litza_2020_LandEcol,The effect of hedgerow density on habitat quality distorts species-area relationships and the analysis of extinction debts in hedgerows,Landscape Ecology,"Litza, Kathrin and Diekmann, Martin",10/ggvv45,empirical,Europe,Germany,database; field,NA,multi species,,species richness,Plantae,Vascular plants,vascular,NA,NA,NA,considered,terrestrial,Temperate and boreal forests and woodland,NA,habitat change,NA,NA,NA,local,NA,NA,glm w/ past/present terms,extinction debt; colonization credit,no,NA,bi_directional,NA,NA,2,same glm as many of the above
L_166,2020,Montgomery_2020_BiolCons,Extinction debt of fishes in Great Lakes coastal wetlands,Biological Conservation,"Montgomery, Fielding and Reid, Scott M. and Mandrak, Nicholas E.",10/gm4htk,empirical,North America,Canada,database; field,NA,multi species,,species richness; community metrics,Animalia,Fish,fishes,NA,NA,NA,considered,aquatic,Inland surface waters and water bodies/freshwater,NA,habitat change,NA,NA,NA,regional,NA,NA,stable/unstable habitat comparison,extinction debt,yes,species richness,mono_directional,NA,NA,3,interesting application on not much covered habitat type
L_167,2020,Watts_2020_NE.E,Ecological time lags and the journey towards conservation success,Nature Ecology & Evolution,"Watts, Kevin and Whytock, Robin C. and Park, Kirsty J. and Fuentes-Montemayor, Elisa and Macgregor, Nicholas A. and Duffield, Simon and McGowan, Philip J. K.",10/ggjh23,empirical,Europe,United Kingdom,database,NA,single species,,abundance,Animalia,Birds,birds,NA,NA,NA,considered,terrestrial,Temperate and boreal forests and woodland,NA,habitat change,NA,NA,NA,regional,NA,NA,glm,extinction debt; colonization credit,no,NA,bi_directional,NA,NA,4,"sound theory talk, not quantified though"
L_168,2020,Camana_2020_Hydr,Assessing the legacy of land use trajectories on stream fish communities of southern Brazil,Hydrobiologia,"Camana, Mateus and Dala-Corte, Renato Bolson and Collar, Fernanda Carello and Becker, Fernando Gertum",10/gm4htc,empirical,South America,Brazil,database; field,NA,multi species,,species richness,Animalia,Fish,fishes,NA,NA,NA,not considered,aquatic,Inland surface waters and water bodies/freshwater,NA,habitat change,NA,NA,NA,regional,NA,NA,glm w/ past/present terms,extinction debt,no,NA,mono_directional,NA,NA,2,
L_169,2020,L..ffler_2020_BiolCons,Extinction debt across three taxa in well-connected calcareous grasslands,Biological Conservation,"LÃ¶ffler, Franz and Poniatowski, Dominik and Fartmann, Thomas",10/gm4hs8,empirical,Europe,Germany,database; field,NA,multi species,,species richness,Animalia; Plantae,Insects; Grasses,insects; plants,NA,NA,NA,considered,terrestrial,Temperate grasslands,NA,habitat change; fragmentation,NA,NA,NA,local,NA,NA,glm w/ past/present terms,extinction debt,no,NA,mono_directional,NA,NA,2,
L_170,2020,Gamboa.Badilla_2020_LandEcol,"Contrasting time-scale effects of land-use legacy on species richness, diversity and composition in Mediterranean scrubland communities",Landscape Ecology,"Gamboa-Badilla, Nancy and Segura, Alfonso and Bagaria, Guillem and Basnou, Corina and Pino, Joan",10/gm4hs7,empirical,Europe,Spain,database; field,NA,multi species,,species richness; shannon; evenness,Plantae,Vascular plants,shrubs,NA,NA,NA,not considered,terrestrial,"Mediterranean forests, woodlands and scrub",NA,habitat change,NA,NA,NA,local,NA,NA,glm w/ past/present terms,extinction debt; colonization credit,no,NA,bi_directional,NA,NA,2,
L_171,2020,du.Toit_2020_Sust,Quantifying Long-Term Urban Grassland Dynamics: Biotic Homogenization and Extinction Debts,Sustainability,"du Toit, MariÃ© J. and Kotze, D. Johan and Cilliers, Sarel S.",10/gm4hs6,empirical,Africa,South Africa,database; field,NA,multi species,,species richness,Plantae,Grasses,grasses,NA,NA,NA,not considered,terrestrial,Urban/Semi-urban,NA,habitat change,NA,NA,NA,local,NA,NA,glm w/ past/present terms,extinction debt,no,NA,mono_directional,NA,NA,1,
L_174,2020,Tsuzuki_2020_EcoandEvo,"Plant community assembly in suburban vacant lots depends on earthmoving legacy, habitat connectivity, and current mowing frequency",Ecology and Evolution,"Tsuzuki, Yoichi and Koyanagi, Tomoyo F. and Miyashita, Tadashi",10/gm4hsk,empirical,Asia,Japan,database; field,NA,multi species,,species richness; beta diversity; nestedness; turnover,Plantae,Grasses,grasses,NA,NA,NA,considered,terrestrial,Temperate grasslands,NA,habitat change,NA,NA,NA,local,NA,NA,glm w/ past/present terms,none,no,NA,NA,NA,NA,2,variable including past mowing regime
L_175,2020,Mennicken_2020_FrinEcanEv,Effects of Past and Present-Day Landscape Structure on Forest Soil Microorganisms,Frontiers in Ecology and Evolution,"Mennicken, Sophie and Kondratow, Floriane and Buralli, Florian and Manzi, Sophie and Andrieu, Emilie and Roy, MÃ©lanie and Brin, Antoine",10/gm4hr8,empirical,Europe,France,database; field,NA,multi species,,species richness; shannon; simpson,Fungi; Bacteria,Bacteria; Fungi,bacteria; fungi,NA,NA,NA,considered,terrestrial,Temperate and boreal forests and woodland,NA,habitat change,NA,NA,NA,regional,NA,NA,glm w/ past/present terms,extinction debt,no,NA,mono_directional,NA,NA,3,
L_176,2020,Blanchard_2020_Ecog,Extinction-immigration dynamics lag behind environmental filtering in shaping the composition of tropical dry forests within a changing landscape,Ecography,"Blanchard, GrÃ©goire and Birnbaum, Philippe and Munoz, FranÃ§ois",10/gm4hr7,empirical,Oceania,New Caledonia,database; field,NA,multi species,,species richness; shannon; functional composition; community weighted mean ; community weighted variance,Plantae,Vascular plants,trees,NA,NA,NA,not considered,terrestrial,Tropical and subtropical dry and humid forests,NA,habitat change,NA,NA,NA,regional,NA,NA,ABC; ,extinction debt; colonization credit,no,NA,bi_directional,NA,NA,3,
L_177,2021,Ridding_2021_Ecog,Inconsistent detection of extinction debts using different methods,Ecography,"Ridding, Lucy E. and Newton, Adrian C. and Keith, Sally A. and Walls, Robin M. and Diaz, Anita and Pywell, Richard F. and Bullock, James M.",10/ghfbcw,empirical,Europe,United Kingdom,NA,NA,multi species,,species richness,Plantae,Vascular plants,vascular,NA,NA,NA,considered,terrestrial,Temperate grasslands,NA,habitat change,NA,NA,NA,regional,NA,NA,glm w/ past/present terms; stable/unstable habitat comparison; past communities,extinction debt,yes,species richness,mono_directional,NA,NA,5,"comparison of methodologies, finally !!!"
L_178,2021,Lecoq_2021_ScieRepo,Past landscape structure drives the functional assemblages of plants and birds,Scientific Reports,"Lecoq, Lucie and Ernoult, Aude and Mony, Cendrine",10/gm4htn,empirical,Europe,France,database; field,NA,multi species,,species richness; functional diversity; community weighted mean ; community weighted variance,Animalia; Plantae,Birds; Vascular plants,"birds, plants",NA,NA,NA,considered,terrestrial,Cultivated areas,NA,habitat change; fragmentation,NA,NA,NA,local,NA,NA,glm w/ past/present terms,extinction debt,no,NA,mono_directional,NA,NA,3,
L_179,2021,Alcocer...Rodr..guez_2021_AnimCons,Evaluating extinction debt in fragmented forests: the rapid recovery of a critically endangered primate,Animal Conservation,"Alcocerâ€RodrÃ­guez, M. and Arroyoâ€RodrÃ­guez, V. and GalÃ¡nâ€Acedo, C. and CristÃ³balâ€Azkarate, J. and Asensio, N. and Rito, K. F. and Hawes, J. E. and VeÃ , J. J. and Dunn, Jacob C.",10/gm4htg,empirical,North America,Mexico,database; field,NA,single species,,occupancy; popualtion size,Animalia,Primates,primates,NA,NA,NA,not considered,terrestrial,Tropical and subtropical dry and humid forests,NA,habitat change; fragmentation,NA,NA,NA,local,NA,NA,glm w/ past/present terms,extinction debt,no,NA,mono_directional,NA,NA,2,
L_180,2021,Makishima_2021_PlanEcol,Potential extinction debt due to habitat loss and fragmentation in subalpine moorland ecosystems,Plant Ecology,"Makishima, Daichi and Sutou, Rui and Goto, Akihito and Kawai, Yutaka and Ishii, Naohiro and Taniguchi, Hayami and Uchida, Kei and Shimazaki, Masaya and Nakashizuka, Tohru and Suyama, Yoshihisa and Hikosaka, Kouki and Sasaki, Takehiro",10/gm4hs3,empirical,Asia,Japan,database; field,NA,multi species,,species richness; functional diversity,Plantae,NA,NA,NA,NA,NA,considered,terrestrial,Tundra and High Mountain habitats,NA,climatic change,NA,NA,NA,local,NA,NA,glm w/ past/present terms,extinction debt,no,NA,mono_directional,NA,NA,2,looked at area with no disturbances trying to isolate climatic drive relaxation/delay signals
L_181,2021,Dri_2021_BiolCons,Estimating the impacts of habitat loss induced by urbanization on bird local extinctions,Biological Conservation,"Dri, Gabriela Franzoi and Fontana, Carla Suertegaray and Dambros, Cristian de Sales",10/gm4hsw,empirical,South America,Brazil,database; field,NA,multi species,,species richness,Animalia,Birds,birds,NA,NA,NA,not considered,terrestrial,Urban/Semi-urban,NA,habitat change,NA,NA,NA,local,NA,NA,glm w/ past/present terms; occupancy model,extinction debt,no,NA,mono_directional,NA,NA,3,
L_182,2021,Spalding_2021_ProfthRoSoB.BiSc,Towards quantifying the mass extinction debt of the Anthropocene,Proceedings of the Royal Society B: Biological Sciences,"Spalding, Christopher and Hull, Pincelli M.",10/gjvnzb,methodological; empirical,Global,NA,database,paleobioligy recod database,multi species,,extinction rates,NA,NA,all,NA,NA,NA,not considered,terrestrial; aquatic,NA,NA,habitat change,NA,NA,NA,global,NA,NA,model ad-hoc,extinction debt,no,NA,mono_directional,NA,NA,3,cool
L_183,2021,Tappeiner_2021_LandEcol,"How to consider history in landscape ecology: patterns, processes, and pathways",Landscape Ecology,"Tappeiner, Ulrike and Leitinger, Georg and ZariÅ†a, Anita and BÃ¼rgi, Matthias",10/ghn7jg,theoretical,NA,NA,NA,NA,NA,,NA,NA,NA,NA,NA,NA,NA,NA,NA,NA,NA,NA,NA,NA,NA,NA,NA,NA,NA,NA,NA,NA,NA,NA,NA,4,"theoretical discussion about landscape ecology point of view on legacy, patters, processes and pathways concepts"
L_184,2021,Abadie_2021_JoofVeSc,Historical ecology of Mediterranean forests: Land use legacies on current understorey plants differ with time since abandonment and former agricultural use,Journal of Vegetation Science,"Abadie, Juliet and Dupouey, Jeanâ€Luc and Salvaudon, Aline and Gachet, Sophie and Videau, NoÃ©mie and Avon, Catherine and Dumont, JÃ©rÃ´me and Tatoni, Thierry and BergÃ¨s, Laurent",10/gm4hss,empirical,Europe,France,database,NA,multi species,,functional diversity; community metrics,Plantae,NA,NA,NA,NA,NA,considered,terrestrial,"Mediterranean forests, woodlands and scrub",NA,habitat change,NA,NA,NA,local,NA,NA,glm w/ past/present terms,extinction debt; colonization credit,no,NA,bi_directional,NA,NA,3,
L_185,2021,Vaughan_2021_TiE.E,Using Climatic Credits to Pay the Climatic Debt,Trends in Ecology & Evolution,"Vaughan, Ian P. and Gotelli, Nicholas J.",10/gm4hsn,theoretical,NA,NA,NA,NA,NA,,NA,NA,NA,NA,NA,NA,NA,NA,NA,NA,NA,NA,NA,NA,NA,NA,NA,NA,NA,NA,NA,NA,NA,NA,NA,5,opinion piece on climatic debts; theoretical
L_186,2021,Ga..z..re_2021_Oiko,Mismatches between birds' spatial and temporal dynamics reflect their delayed response to global changes,Oikos,"Gaüzère, Pierre and Devictor, Vincent",10/gj3px3,empirical,Europe,France,database,NA,single species,,abundance,Animalia,Birds,birds,NA,NA,NA,considered,terrestrial,NA,NA,NA,NA,NA,NA,country-wide,NA,NA,glm,extinction debt; colonization credit,yes,deviation (delta pop trend and size),bi_directional,NA,NA,5,"measure deviation from trend, quite interesting methods, france-wide application"
L_187,2021,Woodcock_2021_AE.E,"Historical, local and landscape factors determine the success of grassland restoration for arthropods","Agriculture, Ecosystems & Environment","Woodcock, B.A. and Pywell, R.F. and Macgregor, N.A. and Edwards, M.E. and Redhead, J. and Ridding, L.E. and BatÃ¡ry, P. and CzerwiÅ„ski, M. and Duffield, S.",10/gm4hr9,empirical,Europe,United Kingdom,database; field,NA,multi species,,species richness; similarity,Animalia,Insects,insects,NA,NA,NA,considered,terrestrial,Cultivated areas,NA,habitat change,NA,NA,NA,regional,NA,NA,glm w/ past/present terms,NA,no,NA,NA,NA,NA,1,
L_188,2021,Uroy_2021_LandEcol,How to assess the temporal dynamics of landscape connectivity in ever-changing landscapes: a literature review,Landscape Ecology,"Uroy, LÃ©a and Alignier, Audrey and Mony, Cendrine and FoltÃªte, Jean-Christophe and Ernoult, Aude",10/gm4hr5,review,NA,NA,NA,NA,NA,,NA,NA,NA,NA,NA,NA,NA,NA,NA,NA,NA,NA,NA,NA,NA,NA,NA,NA,NA,NA,NA,NA,NA,NA,NA,4,landscape connectivity dynamics review
L_189,2021,Semper.Pascual_2021_ProfthRoSoB.BiSc,How do habitat amount and habitat fragmentation drive time-delayed responses of biodiversity to land-use change?,Proceedings of the Royal Society B: Biological Sciences,"Semper-Pascual, AsunciÃ³n and Burton, Cole and Baumann, Matthias and Decarre, Julieta and Gavier-Pizarro, Gregorio and GÃ³mez-Valencia, Bibiana and Macchi, Leandro and Mastrangelo, MatÃ­as E. and PÃ¶tzschner, Florian and Zelaya, Patricia V. and Kuemmerle, Tobias",10/gm4hr3,empirical,South America,Argentina,database,NA,multi species,,occupancy,Animalia,Mammals; Birds,mammals; birds,NA,NA,NA,not considered,terrestrial,Tropical and subtropical dry and humid forests,NA,habitat change; fragmentation,NA,NA,NA,regional,NA,NA,glm w/ past/present terms,extinction debt,no,NA,mono_directional,NA,NA,3,
L_190,2021,Montgomery_2021_ConSciandPra,Imperfect detection biases extinction-debt assessments,Conservation Science and Practice,"Montgomery, Fielding A. and Reid, Scott M. and Mandrak, Nicholas E.",10/gm4hr2,empirical,North America,Canada,database,NA,multi species,,species richness,Animalia,Fish,fishes,NA,NA,NA,considered,aquatic,Inland surface waters and water bodies/freshwater; Wetlands,NA,habitat change,NA,NA,NA,local,NA,NA,stable/unstable habitat comparison,extinction debt; immigration credit,yes,species richness,bi_directional,NA,NA,3,how debt/credit scale when including undetected unobserved species
